1998	התקנת פיירפוקס	as	\N	\N	699		20	התקנת פיירפוקס	0	1	1	0			1
2061	給 IE 使用者	as	\N	\N	669		20	給 IE 使用者	0	1	1	0			1
2441	allllllllla	as	\N	\N	901		20	allllllllla	0	0	1	0			1
3215	stubenstudio _rasch_wie_schnell.com	as	\N	\N	833		20	stubenstudio _rasch_wie_schnell.com	0	0	1	0			1
4551	as	as	\N	\N	889		10	as	0	0	1	0			1
5676	Hãn	as	\N	\N	817		10	Hãn	0	0	1	0			1
10772	এটা নতুন যন্ত্ৰক ফায়াৰ ফক্স চিংকত সংয়োগ কৰিবলৈ লগা ক’ড ম‍ই ক’ত পাম?	as	\N	\N	6083		20	এটা-নতুন-যন্ত্ৰক-ফায়াৰ-ফক্স-চিংকত-সংয়োগ-কৰিবলৈ-ক’ড-বিচাৰক	0	1	1	0			1
10926	ফায়াৰফক্সৰ শেহতীয়া ভাৰছনলৈ আপডেট কৰক	as	\N	\N	735		20	ফায়াৰফক্সৰ শেহতীয়া ভাৰছনলৈ আপডেট কৰক	0	0	1	0			1
