1847	Stilla AVG Netöryggi	is	\N	\N	610		20	Stilla AVG Netöryggi	0	1	1	0			1
2398	Uppsetning Firefox á Mac	is	\N	\N	851		20	Uppsetning Firefox á Mac	0	0	1	0			1
3206	Mun Firefox virka í Windows 7	is	\N	\N	763		20	Mun Firefox virka í Windows 7	0	1	1	0			1
3207	Að setja upp Firefox í Windows	is	\N	\N	729		20	Að setja upp Firefox í Windows	0	0	1	0			1
4817	Tengja hrun tilkynningu	is	\N	\N	817		10	Tengja hrun tilkynningu	0	0	1	0			1
10463	Spila Windows Media skrár í Firefox með Windows media viðbótinni	is	\N	\N	907		20	spila-windows-media-skrar-i-firefox-med-windows-me	0	0	1	0			1
12868	Spurðu um það sem þú ekki veist	is	\N	\N	832		50	spurdu-um-thad-sem-thu-ekki-veist	0	1	1	0			1
16767	Uppfærðu vafrann þinn í nýjustu útgáfu	is	\N	\N	735		20	uppfaerdu-vafrann-thinn-i-nyjustu-utgafu	0	0	1	0			1
